<?xml version="1.0" encoding="UTF-8"?>
<ivy-module version="2.0" xmlns:m="http://ant.apache.org/ivy/maven">
	<info organisation="com.fasterxml.jackson.core"
		module="jackson-databind"
		revision="2.4.5"
		status="release"
		publication="20150113232700"
	>
		<description homepage="http://github.com/FasterXML/jackson">
		General data-binding functionality for Jackson: works on core streaming API
		</description>
		<m:properties__packageVersion.dir>com/fasterxml/jackson/databind/cfg</m:properties__packageVersion.dir>
		<m:properties__osgi.import>
com.fasterxml.jackson.annotation,
com.fasterxml.jackson.core,
com.fasterxml.jackson.core.base,
com.fasterxml.jackson.core.format,
com.fasterxml.jackson.core.json,
com.fasterxml.jackson.core.io,
com.fasterxml.jackson.core.util,
com.fasterxml.jackson.core.type,
org.xml.sax,org.w3c.dom, org.w3c.dom.bootstrap, org.w3c.dom.ls,
javax.xml.datatype, javax.xml.namespace, javax.xml.parsers
</m:properties__osgi.import>
		<m:properties__packageVersion.package>com.fasterxml.jackson.databind.cfg</m:properties__packageVersion.package>
		<m:properties__osgi.export>
com.fasterxml.jackson.databind,
com.fasterxml.jackson.databind.annotation,
com.fasterxml.jackson.databind.cfg,
com.fasterxml.jackson.databind.deser,
com.fasterxml.jackson.databind.deser.impl,
com.fasterxml.jackson.databind.deser.std,
com.fasterxml.jackson.databind.exc,
com.fasterxml.jackson.databind.ext,
com.fasterxml.jackson.databind.introspect,
com.fasterxml.jackson.databind.jsonschema,
com.fasterxml.jackson.databind.jsonFormatVisitors,
com.fasterxml.jackson.databind.jsontype,
com.fasterxml.jackson.databind.jsontype.impl,
com.fasterxml.jackson.databind.module,
com.fasterxml.jackson.databind.node,
com.fasterxml.jackson.databind.ser,
com.fasterxml.jackson.databind.ser.impl,
com.fasterxml.jackson.databind.ser.std,
com.fasterxml.jackson.databind.type,
com.fasterxml.jackson.databind.util
    </m:properties__osgi.export>
		<m:properties__javac.src.version>1.6</m:properties__javac.src.version>
		<m:properties__packageVersion.template.input>${basedir}/src/main/java/${packageVersion.dir}/PackageVersion.java.in</m:properties__packageVersion.template.input>
		<m:properties__version.junit>4.8.2</m:properties__version.junit>
		<m:properties__javac.target.version>1.6</m:properties__javac.target.version>
		<m:properties__javac.debuglevel>lines,source,vars</m:properties__javac.debuglevel>
		<m:properties__version.jackson.annotations>2.4-SNAPSHOT</m:properties__version.jackson.annotations>
		<m:properties__packageVersion.template.output>${generatedSourcesDir}/${packageVersion.dir}/PackageVersion.java</m:properties__packageVersion.template.output>
		<m:properties__osgi.private/>
		<m:properties__javadoc.version>2.8.1</m:properties__javadoc.version>
		<m:properties__generatedSourcesDir>${project.build.directory}/generated-sources</m:properties__generatedSourcesDir>
		<m:properties__project.reporting.outputEncoding>UTF-8</m:properties__project.reporting.outputEncoding>
		<m:properties__surefire.version>2.12</m:properties__surefire.version>
		<m:properties__javadoc.maxmemory>1g</m:properties__javadoc.maxmemory>
		<m:properties__project.build.resourceEncoding>UTF-8</m:properties__project.build.resourceEncoding>
		<m:properties__version.plugin.replacer>1.5.2</m:properties__version.plugin.replacer>
		<m:properties__maven.build.timestamp.format>yyyy-MM-dd HH:mm:ssZ</m:properties__maven.build.timestamp.format>
		<m:properties__bundle.version>2.3.7</m:properties__bundle.version>
		<m:properties__osgi.requiredExecutionEnvironment/>
		<m:properties__project.build.sourceEncoding>UTF-8</m:properties__project.build.sourceEncoding>
		<m:properties__osgi.dynamicImport/>
		<m:properties__osgi.versionpolicy>${range;[===,=+);${@}}</m:properties__osgi.versionpolicy>
		<m:maven.plugins>org.apache.maven.plugins__maven-enforcer-plugin__1.1.1|org.apache.maven.plugins__maven-compiler-plugin__2.5.1|org.codehaus.mojo__build-helper-maven-plugin__null|org.apache.maven.plugins__maven-surefire-plugin__2.12|org.apache.felix__maven-bundle-plugin__2.3.7|org.apache.maven.plugins__maven-jar-plugin__2.4|null__maven-site-plugin__null|org.apache.maven.plugins__maven-scm-plugin__1.7|org.apache.maven.plugins__maven-enforcer-plugin__1.1.1|org.apache.maven.plugins__maven-compiler-plugin__2.5.1|org.codehaus.mojo__build-helper-maven-plugin__null|org.apache.maven.plugins__maven-surefire-plugin__2.12|org.apache.felix__maven-bundle-plugin__2.3.7|org.apache.maven.plugins__maven-jar-plugin__2.4|null__maven-site-plugin__null|org.apache.maven.plugins__maven-scm-plugin__1.7|org.apache.maven.plugins__maven-enforcer-plugin__1.1.1|org.apache.maven.plugins__maven-compiler-plugin__2.5.1|org.codehaus.mojo__build-helper-maven-plugin__null|org.apache.maven.plugins__maven-surefire-plugin__2.12|org.apache.felix__maven-bundle-plugin__2.3.7|org.apache.maven.plugins__maven-jar-plugin__2.4|null__maven-site-plugin__null|org.apache.maven.plugins__maven-scm-plugin__1.7|org.apache.maven.plugins__maven-enforcer-plugin__1.1.1|org.apache.maven.plugins__maven-compiler-plugin__2.5.1|org.codehaus.mojo__build-helper-maven-plugin__null|org.apache.maven.plugins__maven-surefire-plugin__2.12|org.apache.felix__maven-bundle-plugin__2.3.7|org.apache.maven.plugins__maven-jar-plugin__2.4|null__maven-site-plugin__null|org.apache.maven.plugins__maven-scm-plugin__1.7|org.apache.maven.plugins__maven-release-plugin__2.5|org.apache.maven.plugins__maven-surefire-plugin__2.12|org.apache.maven.plugins__maven-javadoc-plugin__2.8.1|com.google.code.maven-replacer-plugin__replacer__null</m:maven.plugins>
	</info>
	<configurations>
		<conf name="default" visibility="public" description="runtime dependencies and master artifact can be used with this conf" extends="runtime,master"/>
		<conf name="master" visibility="public" description="contains only the artifact published by this module itself, with no transitive dependencies"/>
		<conf name="compile" visibility="public" description="this is the default scope, used if none is specified. Compile dependencies are available in all classpaths."/>
		<conf name="provided" visibility="public" description="this is much like compile, but indicates you expect the JDK or a container to provide it. It is only available on the compilation classpath, and is not transitive."/>
		<conf name="runtime" visibility="public" description="this scope indicates that the dependency is not required for compilation, but is for execution. It is in the runtime and test classpaths, but not the compile classpath." extends="compile"/>
		<conf name="test" visibility="private" description="this scope indicates that the dependency is not required for normal use of the application, and is only available for the test compilation and execution phases." extends="runtime"/>
		<conf name="system" visibility="public" description="this scope is similar to provided except that you have to provide the JAR which contains it explicitly. The artifact is always available and is not looked up in a repository."/>
		<conf name="sources" visibility="public" description="this configuration contains the source artifact of this module, if any."/>
		<conf name="javadoc" visibility="public" description="this configuration contains the javadoc artifact of this module, if any."/>
		<conf name="optional" visibility="public" description="contains all optional dependencies"/>
	</configurations>
	<publications>
		<artifact name="jackson-databind" type="bundle" ext="jar" conf="master"/>
		<artifact name="jackson-databind" type="source" ext="jar" conf="sources" m:classifier="sources"/>
		<artifact name="jackson-databind" type="javadoc" ext="jar" conf="javadoc" m:classifier="javadoc"/>
	</publications>
	<dependencies>
		<dependency org="com.fasterxml.jackson.core" name="jackson-annotations" rev="2.4.0" force="true" conf="compile->compile(*),master(*);runtime->runtime(*)"/>
		<dependency org="com.fasterxml.jackson.core" name="jackson-core" rev="2.4.5" force="true" conf="compile->compile(*),master(*);runtime->runtime(*)"/>
		<dependency org="cglib" name="cglib" rev="2.2.2" force="true" conf="test->runtime(*),master(*)"/>
		<dependency org="org.codehaus.groovy" name="groovy" rev="1.7.9" force="true" conf="test->runtime(*),master(*)"/>
		<dependency org="org.hibernate" name="hibernate-cglib-repack" rev="2.1_3" force="true" conf="test->runtime(*),master(*)"/>
		<dependency org="junit" name="junit" rev="4.8.2" force="true" conf="test->runtime(*),master(*)"/>
	</dependencies>
</ivy-module>
