<?xml version="1.0" encoding="UTF-8"?>
<ivy-module version="2.0" xmlns:m="http://ant.apache.org/ivy/maven">
	<info organisation="com.fasterxml.jackson.dataformat"
		module="jackson-dataformat-csv"
		revision="2.8.7"
		status="release"
		publication="20170220202638"
	>
		<description homepage="https://github.com/FasterXML/jackson-dataformat-csv">
		Support for reading and writing CSV-encoded data via Jackson
abstractions.
		</description>
		<m:properties__packageVersion.dir>com/fasterxml/jackson/dataformat/csv</m:properties__packageVersion.dir>
		<m:properties__osgi.private>com.fasterxml.jackson.dataformat.csv.impl</m:properties__osgi.private>
		<m:properties__packageVersion.package>${project.groupId}.csv</m:properties__packageVersion.package>
		<m:properties__jackson.version>2.8.7</m:properties__jackson.version>
		<m:properties__jackson.annotations.version>2.8.0</m:properties__jackson.annotations.version>
		<m:properties__javac.src.version>1.7</m:properties__javac.src.version>
		<m:properties__packageVersion.template.input>${basedir}/src/main/java/${packageVersion.dir}/PackageVersion.java.in</m:properties__packageVersion.template.input>
		<m:properties__version.junit>4.12</m:properties__version.junit>
		<m:properties__javac.target.version>1.7</m:properties__javac.target.version>
		<m:properties__javac.debuglevel>lines,source,vars</m:properties__javac.debuglevel>
		<m:properties__version.jackson.annotations>2.8.0</m:properties__version.jackson.annotations>
		<m:properties__packageVersion.template.output>${generatedSourcesDir}/${packageVersion.dir}/PackageVersion.java</m:properties__packageVersion.template.output>
		<m:properties__osgi.includeResource>{maven-resources}</m:properties__osgi.includeResource>
		<m:properties__osgi.import>*</m:properties__osgi.import>
		<m:properties__version.plugin.javadoc>2.9.1</m:properties__version.plugin.javadoc>
		<m:properties__generatedSourcesDir>${project.build.directory}/generated-sources</m:properties__generatedSourcesDir>
		<m:properties__version.plugin.jar>2.5</m:properties__version.plugin.jar>
		<m:properties__project.reporting.outputEncoding>UTF-8</m:properties__project.reporting.outputEncoding>
		<m:properties__osgi.mainClass/>
		<m:properties__javadoc.maxmemory>1g</m:properties__javadoc.maxmemory>
		<m:properties__project.build.resourceEncoding>UTF-8</m:properties__project.build.resourceEncoding>
		<m:properties__osgi.export>${project.groupId}.*;version=${project.version}</m:properties__osgi.export>
		<m:properties__version.plugin.bundle>3.0.1</m:properties__version.plugin.bundle>
		<m:properties__version.plugin.replacer>1.5.2</m:properties__version.plugin.replacer>
		<m:properties__version.plugin.surefire>2.17</m:properties__version.plugin.surefire>
		<m:properties__version.plugin.release>2.5.3</m:properties__version.plugin.release>
		<m:properties__maven.build.timestamp.format>yyyy-MM-dd HH:mm:ssZ</m:properties__maven.build.timestamp.format>
		<m:properties__osgi.requiredExecutionEnvironment/>
		<m:properties__version.plugin.shade>2.4.3</m:properties__version.plugin.shade>
		<m:properties__project.build.sourceEncoding>UTF-8</m:properties__project.build.sourceEncoding>
		<m:properties__osgi.dynamicImport/>
		<m:properties__osgi.versionpolicy>${range;[===,=+);${@}}</m:properties__osgi.versionpolicy>
		<m:maven.plugins>org.apache.maven.plugins__maven-enforcer-plugin__1.3.1|org.apache.maven.plugins__maven-compiler-plugin__3.2|org.codehaus.mojo__build-helper-maven-plugin__null|org.apache.maven.plugins__maven-surefire-plugin__2.17|org.apache.felix__maven-bundle-plugin__3.0.1|org.apache.maven.plugins__maven-jar-plugin__2.5|null__maven-site-plugin__null|org.apache.maven.plugins__maven-scm-plugin__1.9.1|org.apache.maven.plugins__maven-enforcer-plugin__1.3.1|org.apache.maven.plugins__maven-compiler-plugin__3.2|org.codehaus.mojo__build-helper-maven-plugin__null|org.apache.maven.plugins__maven-surefire-plugin__2.17|org.apache.felix__maven-bundle-plugin__3.0.1|org.apache.maven.plugins__maven-jar-plugin__2.5|null__maven-site-plugin__null|org.apache.maven.plugins__maven-scm-plugin__1.9.1|org.apache.maven.plugins__maven-enforcer-plugin__1.3.1|org.apache.maven.plugins__maven-compiler-plugin__3.2|org.codehaus.mojo__build-helper-maven-plugin__null|org.apache.maven.plugins__maven-surefire-plugin__2.17|org.apache.felix__maven-bundle-plugin__3.0.1|org.apache.maven.plugins__maven-jar-plugin__2.5|null__maven-site-plugin__null|org.apache.maven.plugins__maven-scm-plugin__1.9.1|org.apache.maven.plugins__maven-enforcer-plugin__1.3.1|org.apache.maven.plugins__maven-compiler-plugin__3.2|org.codehaus.mojo__build-helper-maven-plugin__null|org.apache.maven.plugins__maven-surefire-plugin__2.17|org.apache.felix__maven-bundle-plugin__3.0.1|org.apache.maven.plugins__maven-jar-plugin__2.5|null__maven-site-plugin__null|org.apache.maven.plugins__maven-scm-plugin__1.9.1|org.apache.maven.plugins__maven-enforcer-plugin__1.3.1|org.apache.maven.plugins__maven-compiler-plugin__3.2|org.codehaus.mojo__build-helper-maven-plugin__null|org.apache.maven.plugins__maven-surefire-plugin__2.17|org.apache.felix__maven-bundle-plugin__3.0.1|org.apache.maven.plugins__maven-jar-plugin__2.5|null__maven-site-plugin__null|org.apache.maven.plugins__maven-scm-plugin__1.9.1|org.apache.maven.plugins__maven-enforcer-plugin__1.3.1|org.apache.maven.plugins__maven-compiler-plugin__3.2|org.codehaus.mojo__build-helper-maven-plugin__null|org.apache.maven.plugins__maven-surefire-plugin__2.17|org.apache.felix__maven-bundle-plugin__3.0.1|org.apache.maven.plugins__maven-jar-plugin__2.5|null__maven-site-plugin__null|org.apache.maven.plugins__maven-scm-plugin__1.9.1|org.apache.maven.plugins__maven-enforcer-plugin__1.3.1|org.apache.maven.plugins__maven-compiler-plugin__3.2|org.codehaus.mojo__build-helper-maven-plugin__null|org.apache.maven.plugins__maven-surefire-plugin__2.17|org.apache.felix__maven-bundle-plugin__3.0.1|org.apache.maven.plugins__maven-jar-plugin__2.5|null__maven-site-plugin__null|org.apache.maven.plugins__maven-scm-plugin__1.9.1|org.apache.maven.plugins__maven-enforcer-plugin__1.3.1|org.apache.maven.plugins__maven-compiler-plugin__3.2|org.codehaus.mojo__build-helper-maven-plugin__null|org.apache.maven.plugins__maven-surefire-plugin__2.17|org.apache.felix__maven-bundle-plugin__3.0.1|org.apache.maven.plugins__maven-jar-plugin__2.5|null__maven-site-plugin__null|org.apache.maven.plugins__maven-scm-plugin__1.9.1|com.google.code.maven-replacer-plugin__replacer__null|org.apache.maven.plugins__maven-surefire-plugin__2.17</m:maven.plugins>
		<m:dependency.management__com.fasterxml.jackson.core__jackson-annotations__version>2.8.0</m:dependency.management__com.fasterxml.jackson.core__jackson-annotations__version>
		<m:dependency.management__junit__junit__version>4.12</m:dependency.management__junit__junit__version>
		<m:dependency.management__junit__junit__scope>test</m:dependency.management__junit__junit__scope>
		<m:dependency.management__com.fasterxml.jackson.core__jackson-core__version>2.8.7</m:dependency.management__com.fasterxml.jackson.core__jackson-core__version>
		<m:dependency.management__com.fasterxml.jackson.core__jackson-databind__version>2.8.7</m:dependency.management__com.fasterxml.jackson.core__jackson-databind__version>
		<m:dependency.management__com.fasterxml.jackson.dataformat__jackson-dataformat-avro__version>2.8.7</m:dependency.management__com.fasterxml.jackson.dataformat__jackson-dataformat-avro__version>
		<m:dependency.management__com.fasterxml.jackson.dataformat__jackson-dataformat-cbor__version>2.8.7</m:dependency.management__com.fasterxml.jackson.dataformat__jackson-dataformat-cbor__version>
		<m:dependency.management__com.fasterxml.jackson.dataformat__jackson-dataformat-csv__version>2.8.7</m:dependency.management__com.fasterxml.jackson.dataformat__jackson-dataformat-csv__version>
		<m:dependency.management__com.fasterxml.jackson.dataformat__jackson-dataformat-properties__version>2.8.7</m:dependency.management__com.fasterxml.jackson.dataformat__jackson-dataformat-properties__version>
		<m:dependency.management__com.fasterxml.jackson.dataformat__jackson-dataformat-protobuf__version>2.8.7</m:dependency.management__com.fasterxml.jackson.dataformat__jackson-dataformat-protobuf__version>
		<m:dependency.management__com.fasterxml.jackson.dataformat__jackson-dataformat-smile__version>2.8.7</m:dependency.management__com.fasterxml.jackson.dataformat__jackson-dataformat-smile__version>
		<m:dependency.management__com.fasterxml.jackson.dataformat__jackson-dataformat-xml__version>2.8.7</m:dependency.management__com.fasterxml.jackson.dataformat__jackson-dataformat-xml__version>
		<m:dependency.management__com.fasterxml.jackson.dataformat__jackson-dataformat-yaml__version>2.8.7</m:dependency.management__com.fasterxml.jackson.dataformat__jackson-dataformat-yaml__version>
		<m:dependency.management__com.fasterxml.jackson.datatype__jackson-datatype-guava__version>2.8.7</m:dependency.management__com.fasterxml.jackson.datatype__jackson-datatype-guava__version>
		<m:dependency.management__com.fasterxml.jackson.datatype__jackson-datatype-hibernate3__version>2.8.7</m:dependency.management__com.fasterxml.jackson.datatype__jackson-datatype-hibernate3__version>
		<m:dependency.management__com.fasterxml.jackson.datatype__jackson-datatype-hibernate4__version>2.8.7</m:dependency.management__com.fasterxml.jackson.datatype__jackson-datatype-hibernate4__version>
		<m:dependency.management__com.fasterxml.jackson.datatype__jackson-datatype-hibernate5__version>2.8.7</m:dependency.management__com.fasterxml.jackson.datatype__jackson-datatype-hibernate5__version>
		<m:dependency.management__com.fasterxml.jackson.datatype__jackson-datatype-hppc__version>2.8.7</m:dependency.management__com.fasterxml.jackson.datatype__jackson-datatype-hppc__version>
		<m:dependency.management__com.fasterxml.jackson.datatype__jackson-datatype-jaxrs__version>2.8.7</m:dependency.management__com.fasterxml.jackson.datatype__jackson-datatype-jaxrs__version>
		<m:dependency.management__com.fasterxml.jackson.datatype__jackson-datatype-joda__version>2.8.7</m:dependency.management__com.fasterxml.jackson.datatype__jackson-datatype-joda__version>
		<m:dependency.management__com.fasterxml.jackson.datatype__jackson-datatype-jdk8__version>2.8.7</m:dependency.management__com.fasterxml.jackson.datatype__jackson-datatype-jdk8__version>
		<m:dependency.management__com.fasterxml.jackson.datatype__jackson-datatype-json-org__version>2.8.7</m:dependency.management__com.fasterxml.jackson.datatype__jackson-datatype-json-org__version>
		<m:dependency.management__com.fasterxml.jackson.datatype__jackson-datatype-jsr310__version>2.8.7</m:dependency.management__com.fasterxml.jackson.datatype__jackson-datatype-jsr310__version>
		<m:dependency.management__com.fasterxml.jackson.datatype__jackson-datatype-jsr353__version>2.8.7</m:dependency.management__com.fasterxml.jackson.datatype__jackson-datatype-jsr353__version>
		<m:dependency.management__com.fasterxml.jackson.datatype__jackson-datatype-pcollections__version>2.8.7</m:dependency.management__com.fasterxml.jackson.datatype__jackson-datatype-pcollections__version>
		<m:dependency.management__com.fasterxml.jackson.jaxrs__jackson-jaxrs-base__version>2.8.7</m:dependency.management__com.fasterxml.jackson.jaxrs__jackson-jaxrs-base__version>
		<m:dependency.management__com.fasterxml.jackson.jaxrs__jackson-jaxrs-cbor-provider__version>2.8.7</m:dependency.management__com.fasterxml.jackson.jaxrs__jackson-jaxrs-cbor-provider__version>
		<m:dependency.management__com.fasterxml.jackson.jaxrs__jackson-jaxrs-json-provider__version>2.8.7</m:dependency.management__com.fasterxml.jackson.jaxrs__jackson-jaxrs-json-provider__version>
		<m:dependency.management__com.fasterxml.jackson.jaxrs__jackson-jaxrs-smile-provider__version>2.8.7</m:dependency.management__com.fasterxml.jackson.jaxrs__jackson-jaxrs-smile-provider__version>
		<m:dependency.management__com.fasterxml.jackson.jaxrs__jackson-jaxrs-xml-provider__version>2.8.7</m:dependency.management__com.fasterxml.jackson.jaxrs__jackson-jaxrs-xml-provider__version>
		<m:dependency.management__com.fasterxml.jackson.jaxrs__jackson-jaxrs-yaml-provider__version>2.8.7</m:dependency.management__com.fasterxml.jackson.jaxrs__jackson-jaxrs-yaml-provider__version>
		<m:dependency.management__com.fasterxml.jackson.jr__jackson-jr-all__version>2.8.7</m:dependency.management__com.fasterxml.jackson.jr__jackson-jr-all__version>
		<m:dependency.management__com.fasterxml.jackson.jr__jackson-jr-objects__version>2.8.7</m:dependency.management__com.fasterxml.jackson.jr__jackson-jr-objects__version>
		<m:dependency.management__com.fasterxml.jackson.jr__jackson-jr-retrofit2__version>2.8.7</m:dependency.management__com.fasterxml.jackson.jr__jackson-jr-retrofit2__version>
		<m:dependency.management__com.fasterxml.jackson.jr__jackson-jr-stree__version>2.8.7</m:dependency.management__com.fasterxml.jackson.jr__jackson-jr-stree__version>
		<m:dependency.management__com.fasterxml.jackson.module__jackson-module-afterburner__version>2.8.7</m:dependency.management__com.fasterxml.jackson.module__jackson-module-afterburner__version>
		<m:dependency.management__com.fasterxml.jackson.module__jackson-module-guice__version>2.8.7</m:dependency.management__com.fasterxml.jackson.module__jackson-module-guice__version>
		<m:dependency.management__com.fasterxml.jackson.module__jackson-module-jaxb-annotations__version>2.8.7</m:dependency.management__com.fasterxml.jackson.module__jackson-module-jaxb-annotations__version>
		<m:dependency.management__com.fasterxml.jackson.module__jackson-module-jsonSchema__version>2.8.7</m:dependency.management__com.fasterxml.jackson.module__jackson-module-jsonSchema__version>
		<m:dependency.management__com.fasterxml.jackson.module__jackson-module-kotlin__version>2.8.7</m:dependency.management__com.fasterxml.jackson.module__jackson-module-kotlin__version>
		<m:dependency.management__com.fasterxml.jackson.module__jackson-module-mrbean__version>2.8.7</m:dependency.management__com.fasterxml.jackson.module__jackson-module-mrbean__version>
		<m:dependency.management__com.fasterxml.jackson.module__jackson-module-osgi__version>2.8.7</m:dependency.management__com.fasterxml.jackson.module__jackson-module-osgi__version>
		<m:dependency.management__com.fasterxml.jackson.module__jackson-module-parameter-names__version>2.8.7</m:dependency.management__com.fasterxml.jackson.module__jackson-module-parameter-names__version>
		<m:dependency.management__com.fasterxml.jackson.module__jackson-module-paranamer__version>2.8.7</m:dependency.management__com.fasterxml.jackson.module__jackson-module-paranamer__version>
		<m:dependency.management__com.fasterxml.jackson.module__jackson-module-scala_2.10__version>2.8.7</m:dependency.management__com.fasterxml.jackson.module__jackson-module-scala_2.10__version>
		<m:dependency.management__com.fasterxml.jackson.module__jackson-module-scala_2.11__version>2.8.7</m:dependency.management__com.fasterxml.jackson.module__jackson-module-scala_2.11__version>
		<m:dependency.management__com.fasterxml.jackson.module__jackson-module-scala_2.12__version>2.8.7</m:dependency.management__com.fasterxml.jackson.module__jackson-module-scala_2.12__version>
	</info>
	<configurations>
		<conf name="default" visibility="public" description="runtime dependencies and master artifact can be used with this conf" extends="runtime,master"/>
		<conf name="master" visibility="public" description="contains only the artifact published by this module itself, with no transitive dependencies"/>
		<conf name="compile" visibility="public" description="this is the default scope, used if none is specified. Compile dependencies are available in all classpaths."/>
		<conf name="provided" visibility="public" description="this is much like compile, but indicates you expect the JDK or a container to provide it. It is only available on the compilation classpath, and is not transitive."/>
		<conf name="runtime" visibility="public" description="this scope indicates that the dependency is not required for compilation, but is for execution. It is in the runtime and test classpaths, but not the compile classpath." extends="compile"/>
		<conf name="test" visibility="private" description="this scope indicates that the dependency is not required for normal use of the application, and is only available for the test compilation and execution phases." extends="runtime"/>
		<conf name="system" visibility="public" description="this scope is similar to provided except that you have to provide the JAR which contains it explicitly. The artifact is always available and is not looked up in a repository."/>
		<conf name="sources" visibility="public" description="this configuration contains the source artifact of this module, if any."/>
		<conf name="javadoc" visibility="public" description="this configuration contains the javadoc artifact of this module, if any."/>
		<conf name="optional" visibility="public" description="contains all optional dependencies"/>
	</configurations>
	<publications>
		<artifact name="jackson-dataformat-csv" type="bundle" ext="jar" conf="master"/>
		<artifact name="jackson-dataformat-csv" type="source" ext="jar" conf="sources" m:classifier="sources"/>
		<artifact name="jackson-dataformat-csv" type="javadoc" ext="jar" conf="javadoc" m:classifier="javadoc"/>
	</publications>
	<dependencies>
		<dependency org="com.fasterxml.jackson.core" name="jackson-core" rev="2.8.7" force="true" conf="compile->compile(*),master(*);runtime->runtime(*)"/>
		<dependency org="com.fasterxml.jackson.core" name="jackson-databind" rev="2.8.7" force="true" conf="compile->compile(*),master(*);runtime->runtime(*)"/>
		<dependency org="com.fasterxml.jackson.core" name="jackson-annotations" rev="2.8.0" force="true" conf="compile->compile(*),master(*);runtime->runtime(*)"/>
		<dependency org="junit" name="junit" rev="4.12" force="true" conf="test->runtime(*),master(*)"/>
		<dependency org="com.google.guava" name="guava" rev="16.0.1" force="true" conf="test->runtime(*),master(*)"/>
		<override org="com.fasterxml.jackson.module" module="jackson-module-osgi" matcher="exact" rev="2.8.7"/>
		<override org="com.fasterxml.jackson.dataformat" module="jackson-dataformat-cbor" matcher="exact" rev="2.8.7"/>
		<override org="com.fasterxml.jackson.jr" module="jackson-jr-objects" matcher="exact" rev="2.8.7"/>
		<override org="com.fasterxml.jackson.dataformat" module="jackson-dataformat-xml" matcher="exact" rev="2.8.7"/>
		<override org="com.fasterxml.jackson.module" module="jackson-module-jaxb-annotations" matcher="exact" rev="2.8.7"/>
		<override org="com.fasterxml.jackson.module" module="jackson-module-parameter-names" matcher="exact" rev="2.8.7"/>
		<override org="junit" module="junit" matcher="exact" rev="4.12"/>
		<override org="com.fasterxml.jackson.jaxrs" module="jackson-jaxrs-yaml-provider" matcher="exact" rev="2.8.7"/>
		<override org="com.fasterxml.jackson.datatype" module="jackson-datatype-hppc" matcher="exact" rev="2.8.7"/>
		<override org="com.fasterxml.jackson.jr" module="jackson-jr-all" matcher="exact" rev="2.8.7"/>
		<override org="com.fasterxml.jackson.datatype" module="jackson-datatype-json-org" matcher="exact" rev="2.8.7"/>
		<override org="com.fasterxml.jackson.jaxrs" module="jackson-jaxrs-smile-provider" matcher="exact" rev="2.8.7"/>
		<override org="com.fasterxml.jackson.dataformat" module="jackson-dataformat-smile" matcher="exact" rev="2.8.7"/>
		<override org="com.fasterxml.jackson.core" module="jackson-annotations" matcher="exact" rev="2.8.0"/>
		<override org="com.fasterxml.jackson.jaxrs" module="jackson-jaxrs-xml-provider" matcher="exact" rev="2.8.7"/>
		<override org="com.fasterxml.jackson.module" module="jackson-module-scala_2.11" matcher="exact" rev="2.8.7"/>
		<override org="com.fasterxml.jackson.module" module="jackson-module-scala_2.10" matcher="exact" rev="2.8.7"/>
		<override org="com.fasterxml.jackson.module" module="jackson-module-afterburner" matcher="exact" rev="2.8.7"/>
		<override org="com.fasterxml.jackson.dataformat" module="jackson-dataformat-csv" matcher="exact" rev="2.8.7"/>
		<override org="com.fasterxml.jackson.datatype" module="jackson-datatype-jaxrs" matcher="exact" rev="2.8.7"/>
		<override org="com.fasterxml.jackson.module" module="jackson-module-scala_2.12" matcher="exact" rev="2.8.7"/>
		<override org="com.fasterxml.jackson.dataformat" module="jackson-dataformat-protobuf" matcher="exact" rev="2.8.7"/>
		<override org="com.fasterxml.jackson.dataformat" module="jackson-dataformat-properties" matcher="exact" rev="2.8.7"/>
		<override org="com.fasterxml.jackson.datatype" module="jackson-datatype-jdk8" matcher="exact" rev="2.8.7"/>
		<override org="com.fasterxml.jackson.module" module="jackson-module-mrbean" matcher="exact" rev="2.8.7"/>
		<override org="com.fasterxml.jackson.jaxrs" module="jackson-jaxrs-base" matcher="exact" rev="2.8.7"/>
		<override org="com.fasterxml.jackson.core" module="jackson-core" matcher="exact" rev="2.8.7"/>
		<override org="com.fasterxml.jackson.module" module="jackson-module-paranamer" matcher="exact" rev="2.8.7"/>
		<override org="com.fasterxml.jackson.datatype" module="jackson-datatype-hibernate4" matcher="exact" rev="2.8.7"/>
		<override org="com.fasterxml.jackson.jaxrs" module="jackson-jaxrs-cbor-provider" matcher="exact" rev="2.8.7"/>
		<override org="com.fasterxml.jackson.dataformat" module="jackson-dataformat-yaml" matcher="exact" rev="2.8.7"/>
		<override org="com.fasterxml.jackson.datatype" module="jackson-datatype-hibernate5" matcher="exact" rev="2.8.7"/>
		<override org="com.fasterxml.jackson.module" module="jackson-module-kotlin" matcher="exact" rev="2.8.7"/>
		<override org="com.fasterxml.jackson.jr" module="jackson-jr-stree" matcher="exact" rev="2.8.7"/>
		<override org="com.fasterxml.jackson.datatype" module="jackson-datatype-hibernate3" matcher="exact" rev="2.8.7"/>
		<override org="com.fasterxml.jackson.datatype" module="jackson-datatype-joda" matcher="exact" rev="2.8.7"/>
		<override org="com.fasterxml.jackson.dataformat" module="jackson-dataformat-avro" matcher="exact" rev="2.8.7"/>
		<override org="com.fasterxml.jackson.module" module="jackson-module-guice" matcher="exact" rev="2.8.7"/>
		<override org="com.fasterxml.jackson.module" module="jackson-module-jsonSchema" matcher="exact" rev="2.8.7"/>
		<override org="com.fasterxml.jackson.core" module="jackson-databind" matcher="exact" rev="2.8.7"/>
		<override org="com.fasterxml.jackson.jr" module="jackson-jr-retrofit2" matcher="exact" rev="2.8.7"/>
		<override org="com.fasterxml.jackson.jaxrs" module="jackson-jaxrs-json-provider" matcher="exact" rev="2.8.7"/>
		<override org="com.fasterxml.jackson.datatype" module="jackson-datatype-jsr353" matcher="exact" rev="2.8.7"/>
		<override org="com.fasterxml.jackson.datatype" module="jackson-datatype-jsr310" matcher="exact" rev="2.8.7"/>
		<override org="com.fasterxml.jackson.datatype" module="jackson-datatype-pcollections" matcher="exact" rev="2.8.7"/>
		<override org="com.fasterxml.jackson.datatype" module="jackson-datatype-guava" matcher="exact" rev="2.8.7"/>
	</dependencies>
</ivy-module>
