<?xml version="1.0" encoding="UTF-8"?>
<ivy-module version="2.0" xmlns:m="http://ant.apache.org/ivy/maven">
	<info organisation="io.swagger"
		module="swagger-parser-project"
		revision="1.0.22"
		status="release"
		publication="20160805132046"
	>
		<license name="Apache License 2.0" url="http://www.apache.org/licenses/LICENSE-2.0.html" />
		<description homepage="" />
		<m:properties__commons-io-version>2.4</m:properties__commons-io-version>
		<m:properties__swagger-core-version>1.5.8</m:properties__swagger-core-version>
		<m:properties__wiremock-version>1.57</m:properties__wiremock-version>
		<m:properties__surefire-version>2.18.1</m:properties__surefire-version>
		<m:properties__jmockit-version>1.19</m:properties__jmockit-version>
		<m:properties__testng-version>6.9.6</m:properties__testng-version>
		<m:properties__junit-version>4.8.1</m:properties__junit-version>
		<m:properties__slf4j-version>1.6.3</m:properties__slf4j-version>
		<m:properties__sonatypeOssDistMgmtSnapshotsUrl>https://oss.sonatype.org/content/repositories/snapshots/</m:properties__sonatypeOssDistMgmtSnapshotsUrl>
		<m:properties__project.build.sourceEncoding>UTF-8</m:properties__project.build.sourceEncoding>
		<m:maven.plugins>org.apache.maven.plugins__maven-enforcer-plugin__1.0-beta-1|org.apache.maven.plugins__maven-enforcer-plugin__1.0-beta-1|org.apache.maven.plugins__maven-surefire-plugin__2.18.1|null__maven-dependency-plugin__null|org.apache.maven.plugins__maven-jar-plugin__2.4|null__maven-compiler-plugin__3.5|org.apache.maven.plugins__maven-javadoc-plugin__2.7|org.apache.maven.plugins__maven-source-plugin__2.1.2|org.jacoco__jacoco-maven-plugin__0.7.5.201505241946</m:maven.plugins>
		<m:dependency.management__io.swagger__swagger-core__version>1.5.8</m:dependency.management__io.swagger__swagger-core__version>
		<m:dependency.management__org.testng__testng__version>6.9.6</m:dependency.management__org.testng__testng__version>
		<m:dependency.management__org.testng__testng__scope>test</m:dependency.management__org.testng__testng__scope>
		<m:dependency.management__org.jmockit__jmockit__version>1.19</m:dependency.management__org.jmockit__jmockit__version>
		<m:dependency.management__org.jmockit__jmockit__scope>test</m:dependency.management__org.jmockit__jmockit__scope>
		<m:dependency.management__junit__junit__version>4.8.1</m:dependency.management__junit__junit__version>
		<m:dependency.management__junit__junit__scope>test</m:dependency.management__junit__junit__scope>
		<m:dependency.management__com.github.tomakehurst__wiremock__version>1.57</m:dependency.management__com.github.tomakehurst__wiremock__version>
		<m:dependency.management__com.github.tomakehurst__wiremock__scope>test</m:dependency.management__com.github.tomakehurst__wiremock__scope>
	</info>
	<configurations>
		<conf name="default" visibility="public" description="runtime dependencies and master artifact can be used with this conf" extends="runtime,master"/>
		<conf name="master" visibility="public" description="contains only the artifact published by this module itself, with no transitive dependencies"/>
		<conf name="compile" visibility="public" description="this is the default scope, used if none is specified. Compile dependencies are available in all classpaths."/>
		<conf name="provided" visibility="public" description="this is much like compile, but indicates you expect the JDK or a container to provide it. It is only available on the compilation classpath, and is not transitive."/>
		<conf name="runtime" visibility="public" description="this scope indicates that the dependency is not required for compilation, but is for execution. It is in the runtime and test classpaths, but not the compile classpath." extends="compile"/>
		<conf name="test" visibility="private" description="this scope indicates that the dependency is not required for normal use of the application, and is only available for the test compilation and execution phases." extends="runtime"/>
		<conf name="system" visibility="public" description="this scope is similar to provided except that you have to provide the JAR which contains it explicitly. The artifact is always available and is not looked up in a repository."/>
		<conf name="sources" visibility="public" description="this configuration contains the source artifact of this module, if any."/>
		<conf name="javadoc" visibility="public" description="this configuration contains the javadoc artifact of this module, if any."/>
		<conf name="optional" visibility="public" description="contains all optional dependencies"/>
	</configurations>
	<publications>
	</publications>
</ivy-module>
