<?xml version="1.0" encoding="UTF-8"?>
<ivy-module version="2.0" xmlns:m="http://ant.apache.org/ivy/maven">
	<info organisation="io.swagger"
		module="swagger-project"
		revision="1.5.10"
		status="release"
		publication="20160819160732"
	>
		<license name="Apache License 2.0" url="http://www.apache.org/licenses/LICENSE-2.0.html" />
		<description homepage="https://github.com/swagger-api/swagger-core" />
		<m:properties__jersey-version>1.13</m:properties__jersey-version>
		<m:properties__surefire-version>2.18.1</m:properties__surefire-version>
		<m:properties__failsafe-plugin-version>2.19.1</m:properties__failsafe-plugin-version>
		<m:properties__felix-version>2.3.7</m:properties__felix-version>
		<m:properties__reflections-version>0.9.10</m:properties__reflections-version>
		<m:properties__coverage.line.minimum>0.90</m:properties__coverage.line.minimum>
		<m:properties__jetty-version>9.2.14.v20151106</m:properties__jetty-version>
		<m:properties__jackson-version>2.4.5</m:properties__jackson-version>
		<m:properties__guava-version>18.0</m:properties__guava-version>
		<m:properties__maven-plugin-version>1.0.0</m:properties__maven-plugin-version>
		<m:properties__commons-io-version>2.4</m:properties__commons-io-version>
		<m:properties__logback-version>1.0.1</m:properties__logback-version>
		<m:properties__jersey2-version>2.1</m:properties__jersey2-version>
		<m:properties__enforcer-plugin-version>1.4</m:properties__enforcer-plugin-version>
		<m:properties__servlet-api-version>2.5</m:properties__servlet-api-version>
		<m:properties__jackson-guava-version>2.4.5</m:properties__jackson-guava-version>
		<m:properties__testng-version>6.9.4</m:properties__testng-version>
		<m:properties__rest-assured-version>2.8.0</m:properties__rest-assured-version>
		<m:properties__slf4j-version>1.6.3</m:properties__slf4j-version>
		<m:properties__coverage.missed.classes>0</m:properties__coverage.missed.classes>
		<m:properties__coverage.complexity.minimum>0.90</m:properties__coverage.complexity.minimum>
		<m:properties__mockito-version>1.9.5</m:properties__mockito-version>
		<m:properties__commons-lang-version>3.2.1</m:properties__commons-lang-version>
		<m:properties__joda-version>1.2</m:properties__joda-version>
		<m:properties__joda-time-version>2.2</m:properties__joda-time-version>
		<m:properties__sonatypeOssDistMgmtSnapshotsUrl>https://oss.sonatype.org/content/repositories/snapshots/</m:properties__sonatypeOssDistMgmtSnapshotsUrl>
		<m:properties__project.build.sourceEncoding>UTF-8</m:properties__project.build.sourceEncoding>
		<m:maven.plugins>org.apache.maven.plugins__maven-enforcer-plugin__1.0-beta-1|org.apache.maven.plugins__maven-enforcer-plugin__1.0-beta-1|org.apache.maven.plugins__maven-enforcer-plugin__1.4|null__maven-dependency-plugin__null|org.apache.maven.plugins__maven-source-plugin__2.1.2|org.apache.maven.plugins__maven-javadoc-plugin__2.7|null__maven-compiler-plugin__3.0|org.apache.maven.plugins__maven-jar-plugin__2.4|org.apache.maven.plugins__maven-site-plugin__2.1|org.apache.maven.plugins__maven-release-plugin__2.1|org.jacoco__jacoco-maven-plugin__null</m:maven.plugins>
		<m:dependency.management__org.apache.maven__maven-plugin-tools-api__version>2.0</m:dependency.management__org.apache.maven__maven-plugin-tools-api__version>
		<m:dependency.management__org.apache.felix__maven-bundle-plugin__version>2.3.7</m:dependency.management__org.apache.felix__maven-bundle-plugin__version>
		<m:dependency.management__org.slf4j__slf4j-ext__version>1.6.3</m:dependency.management__org.slf4j__slf4j-ext__version>
		<m:dependency.management__org.slf4j__slf4j-ext__scope>compile</m:dependency.management__org.slf4j__slf4j-ext__scope>
		<m:dependency.management__org.slf4j__slf4j-api__version>1.6.3</m:dependency.management__org.slf4j__slf4j-api__version>
		<m:dependency.management__org.slf4j__slf4j-api__scope>compile</m:dependency.management__org.slf4j__slf4j-api__scope>
		<m:dependency.management__org.apache.commons__commons-lang3__version>3.2.1</m:dependency.management__org.apache.commons__commons-lang3__version>
		<m:dependency.management__org.apache.commons__commons-lang3__scope>compile</m:dependency.management__org.apache.commons__commons-lang3__scope>
		<m:dependency.management__org.testng__testng__version>6.9.4</m:dependency.management__org.testng__testng__version>
		<m:dependency.management__org.testng__testng__scope>test</m:dependency.management__org.testng__testng__scope>
		<m:dependency.management__com.jayway.restassured__rest-assured__version>2.8.0</m:dependency.management__com.jayway.restassured__rest-assured__version>
		<m:dependency.management__com.jayway.restassured__rest-assured__scope>test</m:dependency.management__com.jayway.restassured__rest-assured__scope>
		<m:dependency.management__org.mockito__mockito-all__version>1.9.5</m:dependency.management__org.mockito__mockito-all__version>
		<m:dependency.management__org.mockito__mockito-all__scope>test</m:dependency.management__org.mockito__mockito-all__scope>
		<m:dependency.management__javax.servlet__servlet-api__version>2.5</m:dependency.management__javax.servlet__servlet-api__version>
		<m:dependency.management__javax.servlet__servlet-api__scope>provided</m:dependency.management__javax.servlet__servlet-api__scope>
		<m:dependency.management__org.slf4j__slf4j-log4j12__version>1.6.3</m:dependency.management__org.slf4j__slf4j-log4j12__version>
		<m:dependency.management__org.slf4j__slf4j-log4j12__scope>provided</m:dependency.management__org.slf4j__slf4j-log4j12__scope>
		<m:dependency.management__com.sun.jersey__jersey-client__version>1.13</m:dependency.management__com.sun.jersey__jersey-client__version>
		<m:dependency.management__com.sun.jersey__jersey-core__version>1.13</m:dependency.management__com.sun.jersey__jersey-core__version>
		<m:dependency.management__com.sun.jersey__jersey-json__version>1.13</m:dependency.management__com.sun.jersey__jersey-json__version>
		<m:dependency.management__com.sun.jersey__jersey-servlet__version>1.13</m:dependency.management__com.sun.jersey__jersey-servlet__version>
		<m:dependency.management__commons-io__commons-io__version>2.4</m:dependency.management__commons-io__commons-io__version>
		<m:dependency.management__commons-io__commons-io__scope>test</m:dependency.management__commons-io__commons-io__scope>
		<m:dependency.management__org.reflections__reflections__version>0.9.10</m:dependency.management__org.reflections__reflections__version>
		<m:dependency.management__com.google.guava__guava__version>18.0</m:dependency.management__com.google.guava__guava__version>
	</info>
	<configurations>
		<conf name="default" visibility="public" description="runtime dependencies and master artifact can be used with this conf" extends="runtime,master"/>
		<conf name="master" visibility="public" description="contains only the artifact published by this module itself, with no transitive dependencies"/>
		<conf name="compile" visibility="public" description="this is the default scope, used if none is specified. Compile dependencies are available in all classpaths."/>
		<conf name="provided" visibility="public" description="this is much like compile, but indicates you expect the JDK or a container to provide it. It is only available on the compilation classpath, and is not transitive."/>
		<conf name="runtime" visibility="public" description="this scope indicates that the dependency is not required for compilation, but is for execution. It is in the runtime and test classpaths, but not the compile classpath." extends="compile"/>
		<conf name="test" visibility="private" description="this scope indicates that the dependency is not required for normal use of the application, and is only available for the test compilation and execution phases." extends="runtime"/>
		<conf name="system" visibility="public" description="this scope is similar to provided except that you have to provide the JAR which contains it explicitly. The artifact is always available and is not looked up in a repository."/>
		<conf name="sources" visibility="public" description="this configuration contains the source artifact of this module, if any."/>
		<conf name="javadoc" visibility="public" description="this configuration contains the javadoc artifact of this module, if any."/>
		<conf name="optional" visibility="public" description="contains all optional dependencies"/>
	</configurations>
	<publications>
	</publications>
</ivy-module>
