<?xml version="1.0" encoding="UTF-8"?>
<ivy-module version="2.0" xmlns:m="http://ant.apache.org/ivy/maven">
	<info organisation="com.fasterxml.jackson.core"
		module="jackson-annotations"
		revision="2.8.0"
		status="release"
		publication="20160704012053"
	>
		<description homepage="http://github.com/FasterXML/jackson">
		Core annotations used for value types, used by Jackson data binding package.
		</description>
		<m:properties__javac.src.version>1.6</m:properties__javac.src.version>
		<m:properties__version.plugin.bundle>2.5.3</m:properties__version.plugin.bundle>
		<m:properties__javac.target.version>1.6</m:properties__javac.target.version>
		<m:properties__osgi.export>com.fasterxml.jackson.annotation.*;version=${project.version}</m:properties__osgi.export>
		<m:properties__packageVersion.template.input>${basedir}/src/main/java/${packageVersion.dir}/PackageVersion.java.in</m:properties__packageVersion.template.input>
		<m:properties__version.junit>4.12</m:properties__version.junit>
		<m:properties__javac.debuglevel>lines,source,vars</m:properties__javac.debuglevel>
		<m:properties__version.jackson.annotations>2.8.0</m:properties__version.jackson.annotations>
		<m:properties__packageVersion.template.output>${generatedSourcesDir}/${packageVersion.dir}/PackageVersion.java</m:properties__packageVersion.template.output>
		<m:properties__osgi.includeResource>{maven-resources}</m:properties__osgi.includeResource>
		<m:properties__osgi.private/>
		<m:properties__osgi.import>*</m:properties__osgi.import>
		<m:properties__version.plugin.javadoc>2.9.1</m:properties__version.plugin.javadoc>
		<m:properties__generatedSourcesDir>${project.build.directory}/generated-sources</m:properties__generatedSourcesDir>
		<m:properties__version.plugin.jar>2.5</m:properties__version.plugin.jar>
		<m:properties__project.reporting.outputEncoding>UTF-8</m:properties__project.reporting.outputEncoding>
		<m:properties__osgi.mainClass/>
		<m:properties__javadoc.maxmemory>1g</m:properties__javadoc.maxmemory>
		<m:properties__project.build.resourceEncoding>UTF-8</m:properties__project.build.resourceEncoding>
		<m:properties__version.plugin.replacer>1.5.2</m:properties__version.plugin.replacer>
		<m:properties__version.plugin.surefire>2.17</m:properties__version.plugin.surefire>
		<m:properties__version.plugin.release>2.5.3</m:properties__version.plugin.release>
		<m:properties__maven.build.timestamp.format>yyyy-MM-dd HH:mm:ssZ</m:properties__maven.build.timestamp.format>
		<m:properties__osgi.requiredExecutionEnvironment/>
		<m:properties__version.plugin.shade>2.4.3</m:properties__version.plugin.shade>
		<m:properties__project.build.sourceEncoding>UTF-8</m:properties__project.build.sourceEncoding>
		<m:properties__osgi.dynamicImport/>
		<m:properties__osgi.versionpolicy>${range;[===,=+);${@}}</m:properties__osgi.versionpolicy>
		<m:maven.plugins>org.apache.maven.plugins__maven-enforcer-plugin__1.3.1|org.apache.maven.plugins__maven-compiler-plugin__3.2|org.codehaus.mojo__build-helper-maven-plugin__null|org.apache.maven.plugins__maven-surefire-plugin__2.17|org.apache.felix__maven-bundle-plugin__3.0.1|org.apache.maven.plugins__maven-jar-plugin__2.5|null__maven-site-plugin__null|org.apache.maven.plugins__maven-scm-plugin__1.9.1|org.apache.maven.plugins__maven-enforcer-plugin__1.3.1|org.apache.maven.plugins__maven-compiler-plugin__3.2|org.codehaus.mojo__build-helper-maven-plugin__null|org.apache.maven.plugins__maven-surefire-plugin__2.17|org.apache.felix__maven-bundle-plugin__3.0.1|org.apache.maven.plugins__maven-jar-plugin__2.5|null__maven-site-plugin__null|org.apache.maven.plugins__maven-scm-plugin__1.9.1|org.apache.maven.plugins__maven-enforcer-plugin__1.3.1|org.apache.maven.plugins__maven-compiler-plugin__3.2|org.codehaus.mojo__build-helper-maven-plugin__null|org.apache.maven.plugins__maven-surefire-plugin__2.17|org.apache.felix__maven-bundle-plugin__3.0.1|org.apache.maven.plugins__maven-jar-plugin__2.5|null__maven-site-plugin__null|org.apache.maven.plugins__maven-scm-plugin__1.9.1|org.apache.maven.plugins__maven-enforcer-plugin__1.3.1|org.apache.maven.plugins__maven-compiler-plugin__3.2|org.codehaus.mojo__build-helper-maven-plugin__null|org.apache.maven.plugins__maven-surefire-plugin__2.17|org.apache.felix__maven-bundle-plugin__3.0.1|org.apache.maven.plugins__maven-jar-plugin__2.5|null__maven-site-plugin__null|org.apache.maven.plugins__maven-scm-plugin__1.9.1</m:maven.plugins>
		<m:dependency.management__com.fasterxml.jackson.core__jackson-annotations__version>2.8.0</m:dependency.management__com.fasterxml.jackson.core__jackson-annotations__version>
		<m:dependency.management__junit__junit__version>4.12</m:dependency.management__junit__junit__version>
		<m:dependency.management__junit__junit__scope>test</m:dependency.management__junit__junit__scope>
	</info>
	<configurations>
		<conf name="default" visibility="public" description="runtime dependencies and master artifact can be used with this conf" extends="runtime,master"/>
		<conf name="master" visibility="public" description="contains only the artifact published by this module itself, with no transitive dependencies"/>
		<conf name="compile" visibility="public" description="this is the default scope, used if none is specified. Compile dependencies are available in all classpaths."/>
		<conf name="provided" visibility="public" description="this is much like compile, but indicates you expect the JDK or a container to provide it. It is only available on the compilation classpath, and is not transitive."/>
		<conf name="runtime" visibility="public" description="this scope indicates that the dependency is not required for compilation, but is for execution. It is in the runtime and test classpaths, but not the compile classpath." extends="compile"/>
		<conf name="test" visibility="private" description="this scope indicates that the dependency is not required for normal use of the application, and is only available for the test compilation and execution phases." extends="runtime"/>
		<conf name="system" visibility="public" description="this scope is similar to provided except that you have to provide the JAR which contains it explicitly. The artifact is always available and is not looked up in a repository."/>
		<conf name="sources" visibility="public" description="this configuration contains the source artifact of this module, if any."/>
		<conf name="javadoc" visibility="public" description="this configuration contains the javadoc artifact of this module, if any."/>
		<conf name="optional" visibility="public" description="contains all optional dependencies"/>
	</configurations>
	<publications>
		<artifact name="jackson-annotations" type="bundle" ext="jar" conf="master"/>
		<artifact name="jackson-annotations" type="source" ext="jar" conf="sources" m:classifier="sources"/>
		<artifact name="jackson-annotations" type="javadoc" ext="jar" conf="javadoc" m:classifier="javadoc"/>
	</publications>
	<dependencies>
		<dependency org="junit" name="junit" rev="4.12" force="true" conf="test->runtime(*),master(*)"/>
		<override org="com.fasterxml.jackson.core" module="jackson-annotations" matcher="exact" rev="2.8.0"/>
		<override org="junit" module="junit" matcher="exact" rev="4.12"/>
	</dependencies>
</ivy-module>
