<?xml version="1.0" encoding="UTF-8"?>
<ivy-module version="2.0" xmlns:m="http://ant.apache.org/ivy/maven">
	<info organisation="ch.qos.cal10n"
		module="cal10n-api"
		revision="0.7.4"
		status="release"
		publication="20100705134149"
	>
		<description homepage="" />
		<m:dependency.management__ch.qos.cal10n__cal10n-api__version>0.7.4</m:dependency.management__ch.qos.cal10n__cal10n-api__version>
		<m:maven.plugins>org.apache.maven.plugins__maven-compiler-plugin__null|org.apache.maven.plugins__maven-surefire-plugin__null|org.apache.maven.plugins__maven-source-plugin__null|null__maven-assembly-plugin__2.1|org.apache.maven.plugins__maven-compiler-plugin__null|org.apache.maven.plugins__maven-surefire-plugin__null|org.apache.maven.plugins__maven-source-plugin__null|null__maven-assembly-plugin__2.1|org.apache.maven.plugins__maven-jar-plugin__null</m:maven.plugins>
	</info>
	<configurations>
		<conf name="default" visibility="public" description="runtime dependencies and master artifact can be used with this conf" extends="runtime,master"/>
		<conf name="master" visibility="public" description="contains only the artifact published by this module itself, with no transitive dependencies"/>
		<conf name="compile" visibility="public" description="this is the default scope, used if none is specified. Compile dependencies are available in all classpaths."/>
		<conf name="provided" visibility="public" description="this is much like compile, but indicates you expect the JDK or a container to provide it. It is only available on the compilation classpath, and is not transitive."/>
		<conf name="runtime" visibility="public" description="this scope indicates that the dependency is not required for compilation, but is for execution. It is in the runtime and test classpaths, but not the compile classpath." extends="compile"/>
		<conf name="test" visibility="private" description="this scope indicates that the dependency is not required for normal use of the application, and is only available for the test compilation and execution phases." extends="runtime"/>
		<conf name="system" visibility="public" description="this scope is similar to provided except that you have to provide the JAR which contains it explicitly. The artifact is always available and is not looked up in a repository."/>
		<conf name="sources" visibility="public" description="this configuration contains the source artifact of this module, if any."/>
		<conf name="javadoc" visibility="public" description="this configuration contains the javadoc artifact of this module, if any."/>
		<conf name="optional" visibility="public" description="contains all optional dependencies"/>
	</configurations>
	<publications>
		<artifact name="cal10n-api" type="jar" ext="jar" conf="master"/>
		<artifact name="cal10n-api" type="source" ext="jar" conf="sources" m:classifier="sources"/>
		<artifact name="cal10n-api" type="javadoc" ext="jar" conf="javadoc" m:classifier="javadoc"/>
	</publications>
	<dependencies>
		<dependency org="junit" name="junit" rev="4.6" force="true" conf="test->runtime(*),master(*)"/>
		<override org="ch.qos.cal10n" module="cal10n-api" matcher="exact" rev="0.7.4"/>
	</dependencies>
</ivy-module>
